S.No,Name,Folder,Source,Heading,Weblink,Weblink2,Source Document Type,Data Frequency,Source Frequency
2.01,Housing Statistics Managed Stock,2.01 Housing statistics - Managed stock,Kainga Ora,Housing statistics - Managed stock,https://kaingaora.govt.nz/en_NZ/publications/oia-and-proactive-releases/housing-statistics/?fbclid=IwAR3aV798k6UDuSs3s_eDbCJWUFYawBlRh1UNci8cRW2X39uwRtaHvhjxwJE,,Excel,Quarterly,Quarterly
2.011,Housing Statistics Managed Stock (National),2.011 Housing Statistics Managed Stock (National),Kainga Ora,Housing statistics - Managed stock,https://kaingaora.govt.nz/en_NZ/publications/oia-and-proactive-releases/housing-statistics/?fbclid=IwAR3aV798k6UDuSs3s_eDbCJWUFYawBlRh1UNci8cRW2X39uwRtaHvhjxwJE,,Excel,Quarterly,Quarterly
2.02,Housing Statistics Vacant Properties,2.02 Housing statistics - Vacant Properties,Kainga Ora,Housing statistics - Vacant Properties,https://kaingaora.govt.nz/publications/housing-statistics/?fbclid=IwAR3aV798k6UDuSs3s_eDbCJWUFYawBlRh1UNci8cRW2X39uwRtaHvhjxwJE,NULL,Excel,Quarterly,Quarterly
2.021,Housing Statistics Vacant Properties (National),2.021 Housing Statistics Vacant Properties (National),Kainga Ora,Housing statistics - Vacant Properties,https://kaingaora.govt.nz/en_NZ/publications/oia-and-proactive-releases/housing-statistics/?fbclid=IwAR3aV798k6UDuSs3s_eDbCJWUFYawBlRh1UNci8cRW2X39uwRtaHvhjxwJE,NULL,Excel,Quarterly,Quarterly
4.04,Mental Health and Addiction Waiting Times (Mental Health Provider Arm),4.04 Mental Health and Addiction Waiting Times (Mental Health Provider Arm),Ministry of Health,"Mental Health, Alcohol and Drug Addiction Sector Performance Monitoring and Improvement ---> PP8(MH03): Shorter waits for non-urgent mental health and addiction services",https://www.health.govt.nz/new-zealand-health-system/accountability-and-funding/planning-and-performance-data/mental-health-alcohol-and-drug-addiction-sector-performance-monitoring-and-improvement,NULL,Excel,Quarterly,Quarterly
5.01,Household Labour Force Survey,5.01 Household Labour Force Survey - HLF,Statistics New Zealand,Labour market statistics -->Labour market statistics: June 2024 quarter – CSV,https://www.stats.govt.nz/information-releases/labour-market-statistics-june-2024-quarter/,https://www.stats.govt.nz/information-releases/labour-market-statistics-december-2022-quarter/https://www.stats.govt.nz/information-releases/labour-market-statistics-september-2022-quarter/ https://www.stats.govt.nz/information-releases/labour-market-statistics-december-2021-quarter https://www.stats.govt.nz/information-releases/labour-market-statistics-march-2022-quarter https://www.stats.govt.nz/information-releases/labour-market-statistics-june-2022-quarter,CSV,Quarterly,Quarterly
5.02,Labour Cost Index,5.02 Labour Cost Index - LCI,Statistics New Zealand,Labour market statistics -->Labour market statistics: June 2024 quarter – CSV,https://www.stats.govt.nz/information-releases/labour-market-statistics-june-2024-quarter/,https://www.stats.govt.nz/information-releases/labour-market-statistics-december-2022-quarter/https://www.stats.govt.nz/information-releases/labour-market-statistics-september-2022-quarter/ https://www.stats.govt.nz/information-releases/labour-market-statistics-december-2021-quarter https://www.stats.govt.nz/information-releases/labour-market-statistics-march-2022-quarter https://www.stats.govt.nz/information-releases/labour-market-statistics-june-2022-quarter,CSV,Quarterly,Quarterly
5.03,Labour Market Statistics,5.03 Labour Market Statistics - LMS,Statistics New Zealand,Labour market statistics -->Labour market statistics: June 2024 quarter – CSV,https://www.stats.govt.nz/information-releases/labour-market-statistics-june-2024-quarter/,https://www.stats.govt.nz/information-releases/labour-market-statistics-december-2022-quarter/https://www.stats.govt.nz/information-releases/labour-market-statistics-september-2022-quarter/ https://www.stats.govt.nz/information-releases/labour-market-statistics-december-2021-quarter https://www.stats.govt.nz/information-releases/labour-market-statistics-march-2022-quarter https://www.stats.govt.nz/information-releases/labour-market-statistics-june-2022-quarter,CSV,Quarterly,Quarterly
5.04,Quarterly Employment Survey,5.04 Quarterly Employment Survey - QEM,Statistics New Zealand,Labour market statistics -->Labour market statistics: June 2024 quarter – CSV,https://www.stats.govt.nz/information-releases/labour-market-statistics-june-2024-quarter/,https://www.stats.govt.nz/information-releases/labour-market-statistics-december-2022-quarter/https://www.stats.govt.nz/information-releases/labour-market-statistics-september-2022-quarter/ https://www.stats.govt.nz/information-releases/labour-market-statistics-december-2021-quarter https://www.stats.govt.nz/information-releases/labour-market-statistics-march-2022-quarter https://www.stats.govt.nz/information-releases/labour-market-statistics-june-2022-quarter,CSV,Quarterly,Quarterly
6.09,NZ Windmills Points,6.09 NZ Windmills Points,Land Information New Zealand,"NZ Windmill Points (Topo, 1:50k)",https://data.linz.govt.nz/layer/50378-nz-windmill-points-topo-150k/,NULL,ShapefileOrGIS,Quarterly,Quarterly
9.03,Population Births (Quarterly),"9.03 Population Births VSB Live births by area, city/district councils (Maori and total population) (Qrtly-Mar/Jun/Sep/Dec)",Statistics New Zealand,"Population --> Births - VSB --> ""Live births by area, city/district councils (Maori and total population) (Qrtly-Mar/Jun/Sep/Dec)"" and ""Live births by area, regional councils (Maori and total population) (Qrtly-Mar/Jun/Sep/Dec)""",http://infoshare.stats.govt.nz/,http://infoshare.stats.govt.nz/,CSV,Quarterly,Quarterly
9.07,Population Deaths Quarterly,"9.07 Population Deaths VSD Deaths by area, city/district councils (Maori and total population) (Qrtly-Mar/Jun/Sep/Dec)",Statistics New Zealand,"Population --> Death - VSB --> Death by area, city/district councils (Maori and total population) (Qrtly-Mar/Jun/Sep/Dec)"" and Death by area, regional councils (Maori and total population) (Qrtly-Mar/Jun/Sep/Dec)""",http://infoshare.stats.govt.nz/,NULL,CSV,Quarterly,Quarterly
11.01,National and DHB immunisation data,11.01 National and DHB immunisation,Ministry of Health,National and DHB immunisation data--->National and district health board data spreadsheets,https://www.health.govt.nz/our-work/preventative-health-wellness/immunisation/immunisation-coverage/national-and-dhb-immunisation-data?fbclid=IwAR0LWdTCWC41Bzm1nt96trJ00hbwp33rGdtXkH7PPhz8uUrMnYgmZ63uELQ,NULL,Excel,Quarterly,Quarterly
12.051,Youth SLM Data (Alcohol and Other Drugs (District Service)),12.051 Alcohol and Other Drugs (District Service),Ministry of Health,Nationwide Service Framework Library----> DHB Planning--> Youth SLM data ---> Alcohol and Other Drugs - Alcohol-related ED presentations for 10-24 year olds,https://www.health.govt.nz/new-zealand-health-system/accountability-and-funding/planning-and-performance-data,https://www.health.govt.nz/new-zealand-health-system/accountability-and-funding/planning-and-performance-data/youth-slm-data-youth-alcohol-related-emergency-department-presentation,CSV,Quarterly,Quarterly
12.052,Youth SLM Data (Alcohol and Other Drugs (District Domicile)),12.052 Alcohol and Other Drugs (District Domicile),Ministry of Health,Nationwide Service Framework Library-->DHB planning--> Youth SLM data-->Youth Experience of the Health System - Child and Adolescent Mental Health Services (CAMHS) Real- Time Survey results for 10-24 year olds,https://www.health.govt.nz/new-zealand-health-system/accountability-and-funding/planning-and-performance-data,https://www.health.govt.nz/new-zealand-health-system/accountability-and-funding/planning-and-performance-data/youth-slm-data-youth-alcohol-related-emergency-department-presentation,CSV,Quarterly,Quarterly
12.053,Youth SLM Data (Alcohol and Other Drugs (PHO)),12.053 Alcohol and Other Drugs (PHO),Ministry of Health,Nationwide Service Framework Library-->DHB planning--> Youth SLM data-->Youth Experience of the Health System - Child and Adolescent Mental Health Services (CAMHS) Real- Time Survey results for 10-24 year olds,https://www.health.govt.nz/new-zealand-health-system/accountability-and-funding/planning-and-performance-data,https://www.health.govt.nz/new-zealand-health-system/accountability-and-funding/planning-and-performance-data/youth-slm-data-youth-alcohol-related-emergency-department-presentation,CSV,Quarterly,Quarterly
12.08,Self Harm Hospitalisations by DHB of Domicile,12.08 Self Harm Hospitalisations by DHB of Domicile,Ministry of Health,Youth SLM Data- Youth self-harm hospitalisations--> Self Harm Hospitalisation by DHB of Domicile,https://www.health.govt.nz/new-zealand-health-system/accountability-and-funding/planning-and-performance-data,https://www.health.govt.nz/new-zealand-health-system/accountability-and-funding/planning-and-performance-data/youth-slm-data-youth-self-harm-hospitalisations,CSV,Quarterly,Quarterly
12.09,Self Harm Hospitalisations by DHB of Service,12.09 Self Harm Hospitalisations by DHB of Service,Ministry of Health,Youth SLM Data- Youth self-harm hospitalisations--> Self Harm Hospitalisation by DHB of Service,https://www.health.govt.nz/new-zealand-health-system/accountability-and-funding/planning-and-performance-data,https://www.health.govt.nz/new-zealand-health-system/accountability-and-funding/planning-and-performance-data/youth-slm-data-youth-self-harm-hospitalisations,Excel,Quarterly,Quarterly
12.1,Self Harm Hospitalisations by Lead DHB,12.10 Self Harm Hospitalisations by PHO,Ministry of Health,Youth SLM Data- Youth self-harm hospitalisations--> Self Harm Hospitalisation by PHO and lead DHB,https://www.health.govt.nz/new-zealand-health-system/accountability-and-funding/planning-and-performance-data,https://www.health.govt.nz/new-zealand-health-system/accountability-and-funding/planning-and-performance-data/youth-slm-data-youth-self-harm-hospitalisations,Excel,Quarterly,Quarterly
12.11,Self Harm Hospitalisations by PHO,12.11 Self Harm Hospitalisations by PHO,Ministry of Health,Youth SLM Data- Youth self-harm hospitalisations--> Self Harm Hospitalisation by PHO,https://www.health.govt.nz/new-zealand-health-system/accountability-and-funding/planning-and-performance-data,https://www.health.govt.nz/new-zealand-health-system/accountability-and-funding/planning-and-performance-data/youth-slm-data-youth-self-harm-hospitalisations,Excel,Quarterly,Quarterly
21.01,National Accounts: Consolidated Accounts,21.01 Consolidated Accounts,Statistics New Zealand,"National accounts (income, saving, assets, and liabilities) --> National accounts (income, saving, assets, and liabilities): consolidated accounts – CSV",https://www.stats.govt.nz/experimental/national-accounts-income-saving-assets-and-liabilities-march-2024-quarter/,https://www.stats.govt.nz/experimental/national-accounts-income-saving-assets-and-liabilities-december-2022-quarter/,CSV,Quarterly,Quarterly
21.02,National Accounts Institutional Sector Accounts,21.02 Institutional sector accounts,Statistics New Zealand,"National accounts (income, saving, assets, and liabilities) --> National accounts (income, saving, assets, and liabilities): institutional sector accounts – CSV",https://www.stats.govt.nz/experimental/national-accounts-income-saving-assets-and-liabilities-march-2024-quarter/,https://www.stats.govt.nz/experimental/national-accounts-income-saving-assets-and-liabilities-december-2022-quarter/,CSV,Quarterly,Quarterly
21.03,National Accounts Key Household Financial and Housing Statistics,21.03 Key household financial and housiatisticsng st,Statistics New Zealand,"National accounts (income, saving, assets, and liabilities) --> National accounts (income, saving, assets, and liabilities): supplementary table 1.5A",https://www.stats.govt.nz/experimental/national-accounts-income-saving-assets-and-liabilities-march-2024-quarter/,https://www.stats.govt.nz/experimental/national-accounts-income-saving-assets-and-liabilities-december-2022-quarter/,CSV,Quarterly,Quarterly
21.04,National Accounts Household Balance Sheet,21.04 Household balance sheet,Statistics New Zealand,"National accounts (income, saving, assets, and liabilities) --> National accounts (income, saving, assets, and liabilities): – supplementary table 1.5B",https://www.stats.govt.nz/experimental/national-accounts-income-saving-assets-and-liabilities-march-2024-quarter/,https://www.stats.govt.nz/experimental/national-accounts-income-saving-assets-and-liabilities-december-2022-quarter/,CSV,Quarterly,Quarterly
22.01,Inflation,22.01 Inflation,Reserve Bank of New Zealand,Economic indicators -->How has the rate of inflation changed over the years?-->(or) Consumer Price Index (CPI) (Annual % change)--> Download the csv from the downloading sign on the right.,https://www.rbnz.govt.nz/statistics/key-statistics/economic-indicators,NULL,Excel,Quarterly,Quarterly
22.04,Real GDP (Annual Average Percentage Change),22.04 Real GDP,Reserve Bank of New Zealand,Economic indicators --> Real Gross Domestic Product (GDP) for NZ and selected Trading Partners,https://www.rbnz.govt.nz/statistics/key-statistics/economic-indicators,NULL,CSV,Quarterly,Quarterly
22.05,Current Account Balance as a % of GDP,22.05 Current account balance,Reserve Bank of New Zealand,Economic indicators -->Current account balance as a percentage of GDP,https://www.rbnz.govt.nz/statistics/key-statistics/economic-indicators,NULL,CSV,Quarterly,Quarterly
22.07,House Price Index (HPI),22.07 House Price Index (HPI),Reserve Bank of New Zealand,Housing-->House Price Index (HPI) (annual % change),https://www.rbnz.govt.nz/statistics/key-statistics/housing,NULL,CSV,Quarterly,Quarterly
22.08,Household Debt,22.08 Household Debt,Reserve Bank of New Zealand,Household debt -->Household Debt (as a % of Household Nominal Disposable Income),https://www.rbnz.govt.nz/statistics/key-statistics/household-debt,NULL,CSV,Quarterly,Quarterly
22.09,Unemployment Rate (Seasonally Adjusted),22.09 Unemployment Rate (Seasonally Adjusted),Reserve Bank of New Zealand,Economic indicators -->Employment - Unemployment rate (%) (Seasonally adjusted),https://www.rbnz.govt.nz/statistics/key-statistics/economic-indicators,NULL,CSV,Quarterly,Quarterly
22.1,Overseas trade (M8),22.10 Overseas trade (M8),Reserve Bank of New Zealand,Overseas trade (M8)==>Data files ==> Overseas trade - M8 (1990- current),https://www.rbnz.govt.nz/statistics/series/economic-indicators/overseas-trade,NULL,CSV,Quarterly,Quarterly
22.14,Prices M1,22.14 Prices M1,Reserve Bank of New Zealand,Prices M1 1988- current,https://www.rbnz.govt.nz/statistics/series/economic-indicators/prices,https://www.rbnz.govt.nz/statistics/series/economic-indicators,Excel,Quarterly,Quarterly
22.15,Consumption M2,22.15 Consumption M2,Reserve Bank of New Zealand,Consumption (M2),https://www.rbnz.govt.nz/statistics/series/economic-indicators/consumption,https://www.rbnz.govt.nz/statistics/series/economic-indicators,CSV,Quarterly,Quarterly
22.16,Investment M3,22.16 Investment M3,Reserve Bank of New Zealand,Investment (M3),https://www.rbnz.govt.nz/statistics/series/economic-indicators/investment,https://www.rbnz.govt.nz/statistics/series/economic-indicators,CSV,Quarterly,Quarterly
22.17,Domestic Trade M4,22.17 Domestic Trade M4,Reserve Bank of New Zealand,Domestic trade (M4),https://www.rbnz.govt.nz/statistics/series/economic-indicators/domestic-trade,https://www.rbnz.govt.nz/statistics/series/economic-indicators,CSV,Quarterly,Quarterly
22.18,Gross Domestic Product M5,22.18 Gross Domestic Product M5,Reserve Bank of New Zealand,Gross Domestic Product (M5),https://www.rbnz.govt.nz/statistics/series/economic-indicators/gross-domestic-product,https://www.rbnz.govt.nz/statistics/series/economic-indicators,CSV,Quarterly,Quarterly
22.19,National Saving M6,22.19 National Saving M6,Reserve Bank of New Zealand,National saving (M6),https://www.rbnz.govt.nz/statistics/series/economic-indicators/national-saving,https://www.rbnz.govt.nz/statistics/series/economic-indicators,CSV,Yearly,Quarterly
22.2,Balance Of Payments And International Position M7,22.20 Balance Of Payments And International Position M7,Reserve Bank of New Zealand,Balance of payments and international investment position (M7),https://www.rbnz.govt.nz/statistics/series/economic-indicators/balance-of-payments-and-international-investment-position,https://www.rbnz.govt.nz/statistics/series/economic-indicators,CSV,Quarterly,Quarterly
22.21,Labour Market M9,22.21 Labour Market M9,Reserve Bank of New Zealand,Labour market (M9),https://www.rbnz.govt.nz/statistics/series/economic-indicators/labour-market,https://www.rbnz.govt.nz/statistics/series/economic-indicators,CSV,Quarterly,Quarterly
22.22,Housing M10,22.22 Housing M10,Reserve Bank of New Zealand,Housing (M10),https://www.rbnz.govt.nz/statistics/series/economic-indicators/housing,https://www.rbnz.govt.nz/statistics/series/economic-indicators,CSV,Quarterly,Quarterly
22.23,Population and Migration M12,22.23 Population and Migration M12,Reserve Bank of New Zealand,Population and migration (M12),https://www.rbnz.govt.nz/statistics/series/economic-indicators/population-and-migration,https://www.rbnz.govt.nz/statistics/series/economic-indicators,CSV,Quarterly,Quarterly
23.01,Charities Services (All Returns),23.01 Charity Services ( All Returns),Department of Internal Affairs,Charities in New Zealand » The Charities Register/Te Rehita Kaupapa Atawhai » Open data,https://www.charities.govt.nz/charities-in-new-zealand/the-charities-register/open-data/,NULL,CSV,Quarterly,Quarterly
23.011,Charities Services (Latest Returns),23.011 Charity Services ( Latest Returns),Department of Internal Affairs,Charities in New Zealand » The Charities Register/Te Rehita Kaupapa Atawhai » Open data,https://www.charities.govt.nz/charities-in-new-zealand/the-charities-register/open-data/,NULL,CSV,Quarterly,Quarterly
23.012,Charity Services (Organisations),23.012 Charity Services ( Organisations),Department of Internal Affairs,Charities in New Zealand » The Charities Register/Te Rehita Kaupapa Atawhai » Open data,https://www.charities.govt.nz/charities-in-new-zealand/the-charities-register/open-data/,NULL,CSV,Quarterly,Quarterly
23.013,Charity Services (Incorporated),23.013 Incorporated Socities,Department of Internal Affairs,Charities in New Zealand » The Charities Register/Te Rehita Kaupapa Atawhai » Open data,https://www.charities.govt.nz/charities-in-new-zealand/the-charities-register/open-data/,,Excel,Quarterly,Quarterly
24.011,Consumer Confidence National,24.011 Consumer confidence indices,Westpac New Zealand Limited,Confidence surveys.--> Consumer confidence indices,https://www.westpac.co.nz/business/tools-rates-fees/economics/economic-reports/#confidence-surveys,NULL,PDF,Quarterly,Quarterly
24.012,Consumer Confidence by Region,24.012 Consumer confidence by region,Westpac New Zealand Limited,Confidence Survey---> Consumer confidence by region,https://www.westpac.co.nz/business/tools-rates-fees/economics/economic-reports/#confidence-surveys,NULL,CSV,Quarterly,Quarterly
27.01,National Patients - Diabetes Medicine,27.01 National Patients - Diabetes Medicine,EPic Akohiringa,NATIONAL PATIENTS - DIABETES MEDICINES,https://epic.akohiringa.co.nz/type-2-diabetes,NULL,CSV,Quarterly,Quarterly
27.02,National Patients - Concurrent Diabetes Medicines,27.02 National Patients - Concurrent Diabetes Medicines,EPic Akohiringa,NATIONAL PATIENTS - CONCURRENT DIABETES MEDICINES,https://epic.akohiringa.co.nz/type-2-diabetes,NULL,CSV,Quarterly,Quarterly
27.03,National Patients - Diabetes Medicines Possession,27.03 National Patients - Diabetes Medicines Possession,EPic Akohiringa,NATIONAL PATIENTS - DIABETES MEDICINES POSSESSION,https://epic.akohiringa.co.nz/type-2-diabetes,NULL,CSV,Quarterly,Quarterly
28.01,Change In Housing Affordability,28.011 Change in Housing affordability - TA,Ministry of Housing and Urban Development,"Change in Housing Affordability Indicators --> Affordability Indicators--> Select Geography-->Select any TA, Region & National",https://www.hud.govt.nz/stats-and-insights/change-in-housing-affordability-indicators/affordability-indicators/#tabset,NULL,Tableau,Quarterly,Quarterly
30.011,Bonds Lodge and Rent (Mean),30.011 Bonds Lodge and Rent (Mean)- Quarterly,"Ministry of Business, Innovation & Employment","Detailed quarterly report, January 1993 to 2023 --->Updated quarterly",https://www.tenancy.govt.nz/about-tenancy-services/data-and-statistics/rental-bond-data/,NULL,CSV,Quarterly,Quarterly
31.01,Public Housing,31.01 HUD Public Housing,Ministry of Housing and Urban Development,Download the Tableau file,https://www.hud.govt.nz/stats-and-insights/public-housing-quarterly-reports/,https://www.hud.govt.nz/stats-and-insights/public-housing-quarterly-reports/,PDF,Quarterly,Quarterly
32.031,Housing Register Summary,32.031 Housing Register Summary,Ministry of Social Development,"Housing Register --> Download the latest numbers for the Housing Register --> Summary, TA Summary, Akl Bd - summary",https://www.msd.govt.nz/about-msd-and-our-work/publications-resources/statistics/housing/index.html,NULL,Excel,Quarterly,Quarterly
32.032,Housing Register Priority,32.032 Housing Register Priority,Ministry of Social Development,"Housing Register --> Download the latest numbers for the Housing Register --> Summary, TA Summary, Akl Bd - summary",https://www.msd.govt.nz/about-msd-and-our-work/publications-resources/statistics/housing/index.html,NULL,Excel,Quarterly,Quarterly
32.033,Housing Register Bedrooms Required,32.033 Housing Register Bedrooms Required,Ministry of Social Development,"Housing Register --> Download the latest numbers for the Housing Register --> Summary, TA Summary, Akl Bd - summary",https://www.msd.govt.nz/about-msd-and-our-work/publications-resources/statistics/housing/index.html,NULL,Excel,Quarterly,Quarterly
36,Business Financial Data,36.0 Business Financial Data,Statistics New Zealand,Business financial data: March 2024 quarter – CSV,https://www.stats.govt.nz/information-releases/business-financial-data-march-2024-quarter/,https://www.stats.govt.nz/information-releases/business-financial-data-september-2023-quarter/,CSV,Quarterly,Quarterly
38.011,Supported Living Payment,"38.011 Social Support (jobseeker, sole parent, living support)",Ministry of Social Development,Benefit Fact Sheets --> 1. Territorial Authorities (TA) data tables 2. Regional Councils data tables 3. Auckland Boards data tables 4. Service Centres data tables 5. National level data tables,https://www.msd.govt.nz/about-msd-and-our-work/publications-resources/statistics/benefit/index.html,NULL,Excel,Quarterly,Quarterly
38.012,Sole Parent Support,"38.012 Social Support (jobseeker, sole parent, living support)",Ministry of Social Development,Benefit Fact Sheets --> 1. Territorial Authorities (TA) data tables 2. Regional Councils data tables 3. Auckland Boards data tables 4. Service Centres data tables 5. National level data tables,https://www.msd.govt.nz/about-msd-and-our-work/publications-resources/statistics/benefit/index.html,NULL,Excel,Quarterly,Quarterly
38.013,Main Benefits,"38.013 Social Support (jobseeker, sole parent, living support)",Ministry of Social Development,Benefit Fact Sheets --> 1. Territorial Authorities (TA) data tables 2. Regional Councils data tables 3. Auckland Boards data tables 4. Service Centres data tables 5. National level data tables,https://www.msd.govt.nz/about-msd-and-our-work/publications-resources/statistics/benefit/index.html,NULL,Excel,Quarterly,Quarterly
38.014,Other Main Benefits,"38.014 Social Support (jobseeker, sole parent, living support)",Ministry of Social Development,Benefit Fact Sheets --> 1. Territorial Authorities (TA) data tables 2. Regional Councils data tables 3. Auckland Boards data tables 4. Service Centres data tables 5. National level data tables,https://www.msd.govt.nz/about-msd-and-our-work/publications-resources/statistics/benefit/index.html,NULL,Excel,Quarterly,Quarterly
38.015,Job Seeker Support,"38.015 Social Support (jobseeker, sole parent, living support)",Ministry of Social Development,Benefit Fact Sheets --> 1. Territorial Authorities (TA) data tables 2. Regional Councils data tables 3. Auckland Boards data tables 4. Service Centres data tables 5. National level data tables,https://www.msd.govt.nz/about-msd-and-our-work/publications-resources/statistics/benefit/index.html,NULL,Excel,Quarterly,Quarterly
38.016,Service Center,"38.016 Social Support (jobseeker, sole parent, living support)",Ministry of Social Development,Benefit Fact Sheets --> 1. Territorial Authorities (TA) data tables 2. Regional Councils data tables 3. Auckland Boards data tables 4. Service Centres data tables 5. National level data tables,https://www.msd.govt.nz/about-msd-and-our-work/publications-resources/statistics/benefit/index.html,NULL,Excel,Quarterly,Quarterly
38.017,Social Support All Benefits,"38.017 Social Support (jobseeker, sole parent, living support)",Ministry of Social Development,Benefit Fact Sheets --> 1. Territorial Authorities (TA) data tables 2. Regional Councils data tables 3. Auckland Boards data tables 4. Service Centres data tables 5. National level data tables,https://www.msd.govt.nz/about-msd-and-our-work/publications-resources/statistics/benefit/index.html,NULL,Excel,Quarterly,Quarterly
38.041,New Zealand Superannuation And Veteran's Pension Recipients By Pension And Recipient Characteristics,38.041 New Zealand Superannuation And Veteran's Pension Recipients By Pension And Recipient Characteristics,Ministry of Social Development,Benefit Fact Sheets A4 Snapshot--> Excel table-->New Zealand Superannuation and Veteran's Pension data tables,https://www.msd.govt.nz/about-msd-and-our-work/publications-resources/statistics/benefit/index.html,,Excel,Quarterly,Quarterly
38.042,New Zealand Superannuation And Veteran's Pension Recipients By Pension,38.042 New Zealand Superannuation And Veteran's Pension Recipients By Pension,Ministry of Social Development,Benefit Fact Sheets A4 Snapshot--> Excel table-->New Zealand Superannuation and Veteran's Pension data tables,https://www.msd.govt.nz/about-msd-and-our-work/publications-resources/statistics/benefit/index.html,,Excel,Quarterly,Quarterly
38.043,New Zealand Superannuation Recipients By Recipient Characteristics,38.043 New Zealand Superannuation Recipients By Recipient Characteristics,Ministry of Social Development,Benefit Fact Sheets A4 Snapshot--> Excel table-->New Zealand Superannuation and Veteran's Pension data tables,https://www.msd.govt.nz/about-msd-and-our-work/publications-resources/statistics/benefit/index.html,,Excel,Quarterly,Quarterly
38.044,Veteran's Pension Recipients By Recipient Characteristics,38.044 Veteran's Pension Recipients By Recipient Characteristics,Ministry of Social Development,Benefit Fact Sheets A4 Snapshot--> Excel table-->New Zealand Superannuation and Veteran's Pension data tables,https://www.msd.govt.nz/about-msd-and-our-work/publications-resources/statistics/benefit/index.html,,Excel,Quarterly,Quarterly
38.045,New Zealand Superannuation Recipients By Territorial Authority,38.045 New Zealand Superannuation Recipients By Territorial Authority,Ministry of Social Development,Benefit Fact Sheets A4 Snapshot--> Excel table-->New Zealand Superannuation and Veteran's Pension data tables,https://www.msd.govt.nz/about-msd-and-our-work/publications-resources/statistics/benefit/index.html,,Excel,Quarterly,Quarterly
38.046,Veteran's Pension Recipients By Territorial Authority,38.046 Veteran's Pension Recipients By Territorial Authority,Ministry of Social Development,Benefit Fact Sheets A4 Snapshot--> Excel table-->New Zealand Superannuation and Veteran's Pension data tables,https://www.msd.govt.nz/about-msd-and-our-work/publications-resources/statistics/benefit/index.html,,Excel,Quarterly,Quarterly
38.047,Overseas Pensions Received By New Zealand Superannuation And Veteran's Pension Recipients By Country Of Overseas Pension,38.047 Overseas Pensions Received By New Zealand Superannuation And Veteran's Pension Recipients By Country Of Overseas Pension,Ministry of Social Development,Benefit Fact Sheets A4 Snapshot--> Excel table-->New Zealand Superannuation and Veteran's Pension data tables,https://www.msd.govt.nz/about-msd-and-our-work/publications-resources/statistics/benefit/index.html,,Excel,Quarterly,Quarterly
43,Statistics on Maori Businesses,43.0 Statistics on Maori businesses,Statistics New Zealand,Tatauranga umanga Maori – Statistics on Maori businesses: March 2024 quarter – CSV,https://www.stats.govt.nz/information-releases/tatauranga-umanga-maori-statistics-on-maori-businesses-march-2024-quarter/,,CSV,Quarterly,Quarterly
55.02,School Enrolment Zones,55.02 School Enrolment Zones,Ministry of Education,School Enrolment Zones --> School Enrolment Scheme Master,https://www.educationcounts.govt.nz/data-services/school-enrolment-zones,NULL,Tableau,Quarterly,Quarterly
59.01,Regular Attendance Time Series Data,59.01 Attendance,Ministry of Education,Regular attendance time series data (2011 Term 2 to 2024 Term 1),https://www.educationcounts.govt.nz/statistics/attendance,https://www.educationcounts.govt.nz/statistics/indicators/main/student-engagement-participation/1935,Excel,Quarterly,Quarterly
60.021,Prior Participation in Early Learning (Regional),60.021 Prior-participation-Regional,Ministry of Education,Early Learning Participation --> Prior Participation in Early Learning --> Prior Participation in ECE (Year End March 2024),https://www.educationcounts.govt.nz/statistics/participation,NULL,CSV,Quarterly,Quarterly
60.022,Prior Participation in Early Learning (TA),60.022 Prior-participation-TA,Ministry of Education,Early Learning Participation --> Prior Participation in Early Learning --> Prior Participation in ECE (Year End March 2024),https://www.educationcounts.govt.nz/statistics/participation,NULL,CSV,Quarterly,Quarterly
62,Local Housing Statistics,62.0 Local Housing Statistics,Ministry of Housing and Urban Development,Local Housing Statistics--> Outcomes--Download the Tableau Workbook,https://www.hud.govt.nz/stats-and-insights/local-housing-statistics/outcomes/#tabset,,Tableau,Quarterly,Quarterly
65.011,New Zealand Total Trade,65.011 New Zealand's Total Trade,Statistics New Zealand,International trade--> International trade: quarter – CSV--> Table 1,https://www.stats.govt.nz/information-releases/international-trade-march-2024-quarter/,https://infoshare.stats.govt.nz/TradeVariables.aspx?DataType=TEX,CSV,Quarterly,Quarterly
65.012,Exports By Destination,65.012 Exports By Destination,Statistics New Zealand,International trade--> International trade: quarter – CSV--> Table 2,https://www.stats.govt.nz/information-releases/international-trade-march-2024-quarter/,https://infoshare.stats.govt.nz/TradeVariables.aspx?DataType=TEX,CSV,Quarterly,Quarterly
65.013,Total Exports Total 25 Categories,65.013 Total Exports Total 25 Categories,Statistics New Zealand,International trade--> International trade: quarter – CSV--> Table 3,https://www.stats.govt.nz/information-releases/international-trade-march-2024-quarter/,https://infoshare.stats.govt.nz/TradeVariables.aspx?DataType=TEX,CSV,Quarterly,Quarterly
65.014,Total Exports By Commodity Service And Destination,65.014 Total Exports By Commodity Service And Destination,Statistics New Zealand,International trade--> International trade: quarter – CSV--> Table 4,https://www.stats.govt.nz/information-releases/international-trade-march-2024-quarter/,https://infoshare.stats.govt.nz/TradeVariables.aspx?DataType=TEX,CSV,Quarterly,Quarterly
65.015,Imports By Source Total 25 Categories,65.015 Imports By Source Total 25 Categories,Statistics New Zealand,International trade--> International trade: quarter – CSV--> Table 5,https://www.stats.govt.nz/information-releases/international-trade-march-2024-quarter/,https://infoshare.stats.govt.nz/TradeVariables.aspx?DataType=TEX,CSV,Quarterly,Quarterly
65.016,Total Imports Total 25 Categories,65.016 Total Imports Total 25 Categories,Statistics New Zealand,International trade--> International trade: quarter – CSV--> Table 6,https://www.stats.govt.nz/information-releases/international-trade-march-2024-quarter/,https://infoshare.stats.govt.nz/TradeVariables.aspx?DataType=TEX,CSV,Quarterly,Quarterly
65.017,Top 25 Imports By Commodity Service And Source,65.017 Top 25 Imports By Commodity Service And Source,Statistics New Zealand,International trade--> International trade: quarter – CSV--> Table 7,https://www.stats.govt.nz/information-releases/international-trade-march-2024-quarter/,https://infoshare.stats.govt.nz/TradeVariables.aspx?DataType=TEX,CSV,Quarterly,Quarterly
65.02,Overseas Trade Index,65.02 Overseas Trade Index,Statistics New Zealand,International trade--> Overseas trade indexes: (provisional) – CSV,https://www.stats.govt.nz/information-releases/international-trade-march-2024-quarter/,,CSV,Quarterly,Quarterly
70.02,General Social Survey (2020 to 2021),70.02 General Social Survey (2020 to 2021),Statistics New Zealand,Wellbeing statistics --> Download data (for each quarter),https://www.stats.govt.nz/information-releases/wellbeing-statistics-june-2020-quarter,https://www.stats.govt.nz/information-releases/wellbeing-statistics-june-2020-quarter; https://www.stats.govt.nz/information-releases/wellbeing-statistics-september-2020-quarter; https://www.stats.govt.nz/information-releases/wellbeing-statistics-december-2020-quarter; https://www.stats.govt.nz/information-releases/wellbeing-statistics-march-2021-quarter; https://www.stats.govt.nz/reports/wellbeing-statistics-a-year-in-review-june-2020-to-march-2021-quarter;,Excel,Quarterly,Quarterly
71.01,Gaming Machines,71.01 Gaming Machine,Department of Internal Affairs,GMP Dashboard --> Gaming Machine Profits (GMP) Dashboard-->GMP Quarterly Dashboard,https://catalogue.data.govt.nz/dataset/gaming-machine-profits-gmp-dashboard,https://www.dia.govt.nz/gambling-statistics-gmp-dashboard,Excel,Quarterly,Quarterly
72.01,Alcohol Licenses Register,72.01 Licences register,Ministry of Justice,Register of licences & certificates --> Licences register,https://www.justice.govt.nz/tribunals/arla/register-of-licences-and-certificates/,NULL,Excel,Monthly,Quarterly
73.12,Enrolment Statistics (Local Council),73.12 Enrolment statistics (local council),Electoral Commission,Enrolment statistics --> Enrolment by local council,https://elections.nz/stats-and-research/enrolment-statistics/,NULL,Excel,Quarterly,Quarterly
81.02,Distribution of Employment Types,81.02 DHB Employed Workforce,Ministry of Health,Health Workforce Information Programme (HWIP) --> DHB Employed Workforce Quarterly Reports --> Recent DHB Employed Workforce Quarterly Reports Table 1,https://www.tewhatuora.govt.nz/for-health-professionals/health-workforce-development/health-workforce-initiatives/health-workforce-information-programme/,,PDF,Quarterly,Quarterly
81.03,Headcount and FTE by DHB and Occupation Group,81.03 Headcount and FTE by DHB and Occupation Group,Ministry of Health,Health Workforce Information Programme (HWIP) --> DHB Employed Workforce Quarterly Reports --> Recent DHB Employed Workforce Quarterly Reports Table: 2,https://www.tewhatuora.govt.nz/for-health-professionals/health-workforce-development/health-workforce-initiatives/health-workforce-information-programme/,,PDF,Quarterly,Quarterly
81.04,Employee Count and Mean FTE by Gender and DHB,81.04 Employee Count and mean FTE by gender and DHB,Ministry of Health,Health Workforce Information Programme (HWIP) --> DHB Employed Workforce Quarterly Reports --> Recent DHB Employed Workforce Quarterly Reports Table: 6,https://www.tewhatuora.govt.nz/for-health-professionals/health-workforce-development/health-workforce-initiatives/health-workforce-information-programme/,,PDF,Quarterly,Quarterly
81.05,Health Workforce (Mean Ages and Mean Length of Service by DHB and Gender),81.05 Mean ages and mean length of service by DHB and gender,Ministry of Health,Health Workforce Information Programme (HWIP) --> DHB Employed Workforce Quarterly Reports --> Recent DHB Employed Workforce Quarterly Reports --> Table 7: Mean ages and mean length of service by DHB and gender;,https://www.tewhatuora.govt.nz/for-health-professionals/health-workforce-development/health-workforce-initiatives/health-workforce-information-programme/,,PDF,Quarterly,Quarterly
81.06,Health Workforce (Distribution of Reported Ethnicities by DHB and Employee),81.06 Distribution of reported ethnicities by DHB and Employee Count,Ministry of Health,Health Workforce Information Programme (HWIP) --> DHB Employed Workforce Quarterly Reports --> Recent DHB Employed Workforce Quarterly Reports --> Table 8: Distribution of reported ethnicities by DHB and Employee Count,https://www.tewhatuora.govt.nz/for-health-professionals/health-workforce-development/health-workforce-initiatives/health-workforce-information-programme/,,PDF,Quarterly,Quarterly
81.07,Health Workforce (Mean Length of Service by Occupation Group and DHB),81.07 Mean length of service by occupation group and DHB,Ministry of Health,Health Workforce Information Programme (HWIP) --> DHB Employed Workforce Quarterly Reports --> Recent DHB Employed Workforce Quarterly Reports --> Table 9: Mean length of service by occupation group and DHB,https://www.tewhatuora.govt.nz/for-health-professionals/health-workforce-development/health-workforce-initiatives/health-workforce-information-programme/,NULL,PDF,Quarterly,Quarterly
81.08,Average Annualised Sick Leave Hours per FTE by DHB,81.08 Average annualised sick leave hours per FTE by DHB,Ministry of Health,Health Workforce Information Programme (HWIP) --> DHB Employed Workforce Quarterly Reports --> Recent DHB Employed Workforce Quarterly Reports --> Figure 10: Average annualised sick leave hours per FTE by DHB,https://www.tewhatuora.govt.nz/for-health-professionals/health-workforce-development/health-workforce-initiatives/health-workforce-information-programme/,,PDF,Quarterly,Quarterly
85.01,National Data,85.01 National Data,Xero Limited,Xero Small Business Insights (XSBI)-->Global updates and data-->Latest data,https://www.xero.com/nz/resources/small-business-insights/,,Excel,Monthly,Quarterly
85.02,Jobs Growth By Industry,85.02 Jobs Growth By Industry,Xero Limited,Xero Small Business Insights (XSBI)-->Global updates and data-->Latest data,https://www.xero.com/nz/resources/small-business-insights/,,Excel,Monthly,Quarterly
85.03,Job Creators And Downsizers By Industry,85.03 Job Creators And Downsizers By Industry,Xero Limited,Xero Small Business Insights (XSBI)-->Global updates and data-->Latest data,https://www.xero.com/nz/resources/small-business-insights/,,Excel,Monthly,Quarterly
85.04,Sales Growth By Industry,85.04 Sales Growth By Industry,Xero Limited,Xero Small Business Insights (XSBI)-->Global updates and data-->Latest data,https://www.xero.com/nz/resources/small-business-insights/,,Excel,Monthly,Quarterly
85.05,Sales Growth By Region,85.05 Sales Growth By Region,Xero Limited,Xero Small Business Insights (XSBI)-->Global updates and data-->Latest data,https://www.xero.com/nz/resources/small-business-insights/,,Excel,Monthly,Quarterly
85.06,Wages Growth By Industry,85.06 Wages Growth By Industry,Xero Limited,Xero Small Business Insights (XSBI)-->Global updates and data-->Latest data,https://www.xero.com/nz/resources/small-business-insights/,,Excel,Monthly,Quarterly
85.07,Wages Growth By Region,85.07 Wages Growth By Region,Xero Limited,Xero Small Business Insights (XSBI)-->Global updates and data-->Latest data,https://www.xero.com/nz/resources/small-business-insights/,,Excel,Monthly,Quarterly
85.08,Time To Be Paid By Industry,85.08 Time To Be Paid By Industry,Xero Limited,Xero Small Business Insights (XSBI)-->Global updates and data-->Latest data,https://www.xero.com/nz/resources/small-business-insights/,,Excel,Monthly,Quarterly
85.09,Late Payments By Industry,85.09 Late Payments By Industry,Xero Limited,Xero Small Business Insights (XSBI)-->Global updates and data-->Latest data,https://www.xero.com/nz/resources/small-business-insights/,,Excel,Monthly,Quarterly
85.1,Time To Be Paid By Region,85.10 Time To Be Paid By Region,Xero Limited,Xero Small Business Insights (XSBI)-->Global updates and data-->Latest data,https://www.xero.com/nz/resources/small-business-insights/,,Excel,Monthly,Quarterly
85.11,Late Payments By Region,85.11 Late Payments By Region,Xero Limited,Xero Small Business Insights (XSBI)-->Global updates and data-->Latest data,https://www.xero.com/nz/resources/small-business-insights/,,Excel,Monthly,Quarterly
86.01,Labour Force Status by Sex by Regional Council,86.01 Labour Force Status by Sex,Statistics New Zealand,Work income and spending --> Household Labour Force Survey - HLF --> "Labour Force Status by Sex by Regional Council (Qrtly-Mar/Jun/Sep/Dec)",https://infoshare.stats.govt.nz/,NULL,CSV,Quarterly,Quarterly
86.02,Labour Force Status by Ethnic Group,86.02 Labour Force Status by Ethnic Group,Statistics New Zealand,Work income and spending --> Household Labour Force Survey - HLF --> Labour Force Status by Ethnic Group by Regional Council (Qrtly-Mar/Jun/Sep/Dec),http://infoshare.stats.govt.nz/,NULL,CSV,Quarterly,Quarterly
86.03,Underutilisation by Sex,86.03 Underutilisation by Sex,Statistics New Zealand,Work income and spending --> Household Labour Force Survey - HLF --> Underutilisation by Sex by Regional Council (Qrtly-Mar/Jun/Sep/Dec),http://infoshare.stats.govt.nz/,NULL,CSV,Quarterly,Quarterly
88,Business Employment Data,88.0 Business Employment Data,Statistics New Zealand,Business employment data,https://www.stats.govt.nz/information-releases/business-employment-data-march-2024-quarter/,,CSV,Quarterly,Quarterly
91.07,Business Events,91.07 Regional business events,Fresh Info,DEDP --> Quarterly results --> BEDP venue results,https://www.bedata.nz/public_reports/,NULL,Excel,Quarterly,Quarterly
91.081,International Travel by Person,91.081 International Travel by Persons,Statistics New Zealand,Tourism--> International travel and migration - ITM -->Visitor arrivals by EVERY country of residence and purpose (Monthly),https://www.stats.govt.nz/information-releases/international-travel-june-2024/,https://infoshare.stats.govt.nz/,CSV,Monthly,Quarterly
91.111,Border Arrivals,91.111 Border Arrivals By Country Of Last Departure,"Ministry of Business, Innovation & Employment",Tourism Recovery Dashboard --> Border Arrivals By Country Of Last Departure,https://teic.mbie.govt.nz/teiccategories/datareleases/tourismRecoveryDashboard/,,CSV,Monthly,Quarterly
91.112,Visitor Arrivals,91.112 Visitor Arrivals By Purpose,"Ministry of Business, Innovation & Employment",Tourism Recovery Dashboard --> Visitor Arrivals By Purpose,https://teic.mbie.govt.nz/teiccategories/datareleases/tourismRecoveryDashboard/,,CSV,Monthly,Quarterly
91.113,Change In International Arrival Flight Capacity By Region Vs 2019,91.113 Change In International Arrival Flight Capacity By Region Vs 2019,"Ministry of Business, Innovation & Employment",Tourism Recovery Dashboard --> Change In International Arrival Flight Capacity By Region Vs 2019,https://teic.mbie.govt.nz/teiccategories/datareleases/tourismRecoveryDashboard/,,CSV,Monthly,Quarterly
91.114,Change In Intl ECT Spend,91.114 Change In Intl ECT Spend By Region Vs 2019,"Ministry of Business, Innovation & Employment",Tourism Recovery Dashboard --> Change In Intl ECT Spend By Region Vs 2019,https://teic.mbie.govt.nz/teiccategories/datareleases/tourismRecoveryDashboard/,,CSV,Monthly,Quarterly
91.115,Working Holiday Scheme Visa Application Approvals,91.115 Working Holiday Scheme Visa Application Approvals,"Ministry of Business, Innovation & Employment",Tourism Recovery Dashboard --> Working Holiday Scheme Visa Application Approvals,https://teic.mbie.govt.nz/teiccategories/datareleases/tourismRecoveryDashboard/,,CSV,Monthly,Quarterly
91.116,Working Holiday Scheme Visa Holder Arrivals,91.116 Working Holiday Scheme Visa Holder Arrivals,"Ministry of Business, Innovation & Employment",Tourism Recovery Dashboard --> Working Holiday Scheme Visa Holder Arrivals,https://teic.mbie.govt.nz/teiccategories/datareleases/tourismRecoveryDashboard/,,CSV,Monthly,Quarterly
92.01,Youth NEET,"92.01 NEET Rate (not in employment, education or training)",Statistics New Zealand,Work income and spending --> Household Labour Force Survey - HLF --> "Youth NEET by Regional Council by Age (Qrtly-Mar/Jun/Sep/Dec)",http://infoshare.stats.govt.nz/Default.aspx,NULL,CSV,Quarterly,Quarterly
96.02,Ambulatory Sensitive (Avoidable) Hospital Admissions,96.02 Avoidable hospitalisations,Ministry of Health,Data for reporting against SI1/SLM ambulatory sensitive (avoidable) hospital admissions,https://nsfl.health.govt.nz/accountability/performance-and-monitoring/data-quarterly-reports-and-reporting/ambulatory-sensitive,https://www.health.govt.nz/new-zealand-health-system/accountability-and-funding/planning-and-performance-data/ambulatory-sensitive-avoidable-hospital-admissions,Excel,Quarterly,Quarterly
96.04,Health System Indicators,96.04 Health System Indicators,Ministry of Health,Health System Indicators framework --> Select DHB: --> Download data (.csv),https://reports.hqsc.govt.nz/HSI/#!/,https://www.health.govt.nz/new-zealand-health-system/health-system-indicators-framework,CSV,Quarterly,Quarterly
99.01,LEED Measures by Territorial Authority,"99.01 LEED measures, by territorial authority",Statistics New Zealand,"Table 37: LEED measures, by territorial authority",http://nzdotstat.stats.govt.nz/wbos/Index.aspx?DataSetCode=TABLECODE7037,NULL,CSV,Quarterly,Quarterly
99.05,"LEED Measures by Industry, Region and Firm Size","99.05 LEED measures, by industry (based on ANZSIC06), region and firm size",Statistics New Zealand,"Table 36: LEED measures, by industry (based on ANZSIC06), region and firm size",http://nzdotstat.stats.govt.nz/wbos/Index.aspx?DataSetCode=TABLECODE7036,NULL,CSV,Quarterly,Quarterly
101.03,TMS Traffic Quarter-Hourly,101.03 TMS traffic quarter-hourly,New Zealand Transport Agency,TMS traffic quarter-hourly (CSV),https://opendata-nzta.opendata.arcgis.com/datasets/tms-traffic-quarter-hourly-oct-2020-to-jan-2022/about,https://opendata-nzta.opendata.arcgis.com/datasets/NZTA::tms-traffic-quarter-hourly/about https://opendata-nzta.opendata.arcgis.com/datasets/NZTA::tms-traffic-quarter-hourly-oct-2020-to-sep-2021/about,Tableau,Quarterly,Quarterly
108.03,Greenhouse Gas Emissions By Industry And Household,108.03 Greenhouse gas emissions NZ,Statistics New Zealand,Greenhouse gas emissions (industry and household),https://www.stats.govt.nz/information-releases/greenhouse-gas-emissions-industry-and-household-march-2024-quarter/,https://www.stats.govt.nz/information-releases/greenhouse-gas-emissions-industry-and-household-march-and-june-2023-quarters/,CSV,Quarterly,Quarterly
112.01,QEII Covenants,112.01 QEII_OSCovenants_20200827,QEII National Trust,GIS Data Download,https://qeiinationaltrust.org.nz/publications-and-resources/gis-data/,NULL,ShapefileOrGIS,Quarterly,Quarterly
136.011,Urban Development Market Indicators,136.011 Urban development,Ministry of Housing and Urban Development,Urban Development --> Data and Resources --> NPS UD data catalogue,https://catalogue.data.govt.nz/dataset/urban-development,https://www.hud.govt.nz/research-and-publications/statistics-and-research/urban-development-dashboard/ & https://huddashboards.shinyapps.io/urban-development/,CSV,Monthly,Quarterly
136.012,Urban Development,136.012 Urban development,Ministry of Housing and Urban Development,Urban Development --> Data and Resources --> NPS UD data catalogue,https://catalogue.data.govt.nz/dataset/urban-development,https://www.hud.govt.nz/research-and-publications/statistics-and-research/urban-development-dashboard/ & https://huddashboards.shinyapps.io/urban-development/,CSV,Quarterly,Quarterly
141.01,Car Registrations,141.01 Car registrations,Infometrics,Car registrations,https://qem.infometrics.co.nz/ashburton-district/indicators/cars?compare=new-zealand,https://production.infometrics.co.nz/api/qem/data/?area_id=northland-region&series=VEH_REG_NONCOM_Q,CSV,Quarterly,Quarterly
141.02,Commercial Vehicle Registrations,141.02 Commercial vehicle registrations,Infometrics,Commercial vehicle registrations,https://qem.infometrics.co.nz/ashburton-district/indicators/commercialVehicles?compare=new-zealand,https://production.infometrics.co.nz/api/qem/data/?area_id=northland-region&series=VEH_REG_COM_Q,CSV,Quarterly,Quarterly
141.03,Consumer Spending,141.03 Consumer spending,Infometrics,Consumer spending,https://qem.infometrics.co.nz/ashburton-district/indicators/spending?compare=new-zealand,https://production.infometrics.co.nz/api/qem/data/?area_id=northland-region&series=CONS_SPEND_Q,CSV,Quarterly,Quarterly
141.04,Dairy Payout,141.04 Dairy payout,Infometrics,Dairy payout,https://qem.infometrics.co.nz/ashburton-district/indicators/dairy?compare=new-zealand,https://production.infometrics.co.nz/api/qem/data/?area_id=northland-region&series=DAIRY_PAYOUT,CSV,Yearly,Quarterly
141.05,Employment (Place of Residence),141.05 Employment (place of residence),Infometrics,Employment (place of residence),https://qem.infometrics.co.nz/ashburton-district/indicators/employment?compare=new-zealand,https://production.infometrics.co.nz/api/qem/data/?area_id=northland-region&series=EMP_FILLED_Q,CSV,Quarterly,Quarterly
141.06,Gross Domestic Product Quarterly,141.06 Gross domestic product,Infometrics,Gross domestic product,https://qem.infometrics.co.nz/ashburton-district/indicators/gdp?compare=new-zealand,https://production.infometrics.co.nz/api/qem/data/?area_id=northland-region&series=GDP_Q,CSV,Quarterly,Quarterly
141.07,Health Enrolments,141.07 Health Enrolments,Infometrics,Health Enrolments,https://qem.infometrics.co.nz/ashburton-district/social/health-enrolments?compare=new-zealand,,CSV,Quarterly,Quarterly
141.08,House Sales,141.08 House sales,Infometrics,House sales,https://qem.infometrics.co.nz/ashburton-district/indicators/houseSale?compare=new-zealand,https://production.infometrics.co.nz/api/qem/data/?area_id=northland-region&series=HOUSE_SALES_Q,CSV,Quarterly,Quarterly
141.09,House Values,141.09 House values,Infometrics,House values,https://qem.infometrics.co.nz/ashburton-district/indicators/houseValue?compare=new-zealand,https://production.infometrics.co.nz/api/qem/data/?area_id=northland-region&series=HOUSE_PRICES_Q,CSV,Quarterly,Quarterly
141.1,Jobseeker Support Recipients,141.10 Jobseeker Support recipients,Infometrics,Jobseeker Support recipients,https://qem.infometrics.co.nz/ashburton-district/indicators/jobseeker?compare=new-zealand,https://production.infometrics.co.nz/api/qem/data/?area_id=northland-region&series=JOBSEEKER_Q,CSV,Quarterly,Quarterly
141.11,Non-residential Consents,141.11 Non-residential consents,Infometrics,Non-residential consents,https://qem.infometrics.co.nz/ashburton-district/indicators/nonResidentialConsents?compare=new-zealand,https://production.infometrics.co.nz/api/qem/data/?area_id=northland-region&series=CONSENTS_NONRES_Q,CSV,Quarterly,Quarterly
141.12,Residential Consents,141.12 Residential consents,Infometrics,Residential consents,https://qem.infometrics.co.nz/ashburton-district/indicators/residentialConsents?compare=new-zealand,https://production.infometrics.co.nz/api/qem/data/?area_id=northland-region&series=CONSENTS_RES_Q,CSV,Quarterly,Quarterly
141.13,Tourism Expenditure,141.13 Tourism expenditure,Infometrics,Tourism expenditure,https://qem.infometrics.co.nz/ashburton-district/indicators/tourism?compare=new-zealand,https://production.infometrics.co.nz/api/qem/data/?area_id=northland-region&series=TOURISM_SPEND_Q,CSV,Quarterly,Quarterly
141.14,Traffic Flow,141.14 Traffic flow,Infometrics,Traffic flow,https://qem.infometrics.co.nz/ashburton-district/indicators/traffic?compare=new-zealand,NULL,CSV,Quarterly,Quarterly
141.15,Unemployment Rate Quarterly,141.15 Unemployment rate,Infometrics,Unemployment rate,https://qem.infometrics.co.nz/ashburton-district/indicators/unemployment?compare=new-zealand,https://production.infometrics.co.nz/api/qem/data/?area_id=northland-region&series=UNEMPLOYMENT_Q,CSV,Quarterly,Quarterly
141.16,Guest Nights,141.16 Guest Nights,Infometrics,Guest Nights,https://qem.infometrics.co.nz/ashburton-district/indicators/guest-nights?compare=new-zealand,https://production.infometrics.co.nz/api/qem/data/?area_id=northland-region&series=GUEST_NIGHTS_Q,CSV,Quarterly,Quarterly
141.17,Business Counts,141.17 Business Counts,Infometrics,Business Counts,https://qem.infometrics.co.nz/ashburton-district/indicators/businesses?compare=new-zealand,,CSV,Quarterly,Quarterly
141.18,Crime Rate,141.18 Crime Rate,Infometrics,Crime Rate,https://qem.infometrics.co.nz/ashburton-district/social/crime-rate?compare=new-zealand,,CSV,Quarterly,Quarterly
141.19,Electric Vehicle Registrations,141.19 Electric Vehicle Registration,Infometrics,Electric Vehicle Registrations,https://qem.infometrics.co.nz/ashburton-district/economic/electric-vehicles-registrations?compare=new-zealand,,CSV,Quarterly,Quarterly
141.2,Emergency Housing Grants,141.20 Emergency Housing Grants,Infometrics,Emergency Housing Grants,https://qem.infometrics.co.nz/ashburton-district/housing/emergency-housing-grants?compare=new-zealand,,CSV,Quarterly,Quarterly
141.21,First Home Grant Purchases,141.21 First Home Grant Purchases,Infometrics,First Home Grant Purchases,https://qem.infometrics.co.nz/ashburton-district/housing/first-home-grant-purchases?compare=new-zealand,,CSV,Quarterly,Quarterly
141.22,Gaming Machine Profits,141.22 Gaming Machine Profits,Infometrics,Gaming Machine Profits,https://qem.infometrics.co.nz/ashburton-district/social/gaming-machine-profits?compare=new-zealand,,CSV,Quarterly,Quarterly
141.23,Housing Affordability,141.23 Housing Affordability,Infometrics,Housing Affordability,https://qem.infometrics.co.nz/ashburton-district/housing/housing-affordability?compare=new-zealand,,CSV,Quarterly,Quarterly
141.24,Neet Rate,141.24 Neet Rate,Infometrics,Neet Rate,https://qem.infometrics.co.nz/ashburton-district/labour-market/neet-rate?compare=new-zealand,,CSV,Quarterly,Quarterly
141.25,Other Benefit Recipients,141.25 Other Benefit Recipients,Infometrics,Other Benefit Recipients,https://qem.infometrics.co.nz/ashburton-district/social/other-benefit-recipients?compare=new-zealand,,CSV,Quarterly,Quarterly
141.26,Public Housing Stock,141.26 Public Housing Stock,Infometrics,Public Housing Stock,https://qem.infometrics.co.nz/ashburton-district/housing/public-housing-stock?compare=new-zealand,,CSV,Quarterly,Quarterly
141.27,Real Estate Listings,141.27 Real Estate Listings,Infometrics,Real Estate Listings,https://qem.infometrics.co.nz/ashburton-district/housing/real-estate-listings?compare=new-zealand,,CSV,Quarterly,Quarterly
141.28,Rental Affordability,141.28 Rental Affordability,Infometrics,Rental Affordability,https://qem.infometrics.co.nz/ashburton-district/housing/rental-affordability?compare=new-zealand,,CSV,Quarterly,Quarterly
141.29,Residential Rents,141.29 Residential Rents,Infometrics,Residential Rents,https://qem.infometrics.co.nz/ashburton-district/housing/residential-rents?compare=new-zealand,,CSV,Quarterly,Quarterly
141.3,School Attendance,141.30 School Attendance,Infometrics,School Attendance,https://qem.infometrics.co.nz/ashburton-district/social/school-attendance?compare=new-zealand,,CSV,Quarterly,Quarterly
144,Estuaries Health Dataset,144.0 Estuaries Health Dataset,Land Air Water Aotearoa,Estuaries --> Estuary Health Dataset,https://www.lawa.org.nz/download-data,,Excel,Daily,Quarterly
152,Retail Trade Survey,152.0 Retail Trade Survey,Statistics New Zealand,Retail Trade Survey,https://www.stats.govt.nz/information-releases/retail-trade-survey-march-2024-quarter/,,CSV,Quarterly,Quarterly
153,Property Transfer Statistics,153 Property Transfer Statistics,Statistics New Zealand,Property transfer statistics,https://www.stats.govt.nz/information-releases/property-transfer-statistics-june-2024-quarter/,,CSV,Quarterly,Quarterly
